<?xml version="1.0" encoding="UTF-8"?>
<project-private xmlns="http://www.netbeans.org/ns/project-private/1">
    <editor-bookmarks xmlns="http://www.netbeans.org/ns/editor-bookmarks/2" lastBookmarkId="0"/>
    <open-files xmlns="http://www.netbeans.org/ns/projectui-open-files/2">
        <group>
            <file>file:/D:/DAM/Repitiendooo/Programacion/Practica_Ev01/src/Ejercicios/Prog_Ev01_Ej11.java</file>
            <file>file:/D:/DAM/Repitiendooo/Programacion/Practica_Ev01/src/Ejercicios/Prog_Ev01_Ej08.java</file>
            <file>file:/D:/DAM/Repitiendooo/Programacion/Practica_Ev01/src/Ejercicios/Prog_Ev01_Ej05.java</file>
            <file>file:/D:/DAM/Repitiendooo/Programacion/Practica_Ev01/src/Ejercicios/Prog_Ev01_Ej09.java</file>
            <file>file:/D:/DAM/Repitiendooo/Programacion/Practica_Ev01/src/Ejercicios/Prog_Ev01_Ej13.java</file>
            <file>file:/D:/DAM/Repitiendooo/Programacion/Practica_Ev01/src/Ejercicios/Prog_Ev01_Ej06.java</file>
            <file>file:/D:/DAM/Repitiendooo/Programacion/Practica_Ev01/src/Ejercicios/Prog_Ev01_Ej10.java</file>
            <file>file:/D:/DAM/Repitiendooo/Programacion/Practica_Ev01/src/Ejercicios/Prog_Ev01_Ej12.java</file>
            <file>file:/D:/DAM/Repitiendooo/Programacion/Practica_Ev01/src/Ejercicios/Prog_Ev01_Ej03.java</file>
            <file>file:/D:/DAM/Repitiendooo/Programacion/Practica_Ev01/src/Ejercicios/Prog_Ev01_Ej07.java</file>
        </group>
    </open-files>
</project-private>
