<?xml version="1.0" encoding="UTF-8"?>
<project-private xmlns="http://www.netbeans.org/ns/project-private/1">
    <editor-bookmarks xmlns="http://www.netbeans.org/ns/editor-bookmarks/2" lastBookmarkId="0"/>
    <open-files xmlns="http://www.netbeans.org/ns/projectui-open-files/2">
        <group>
            <file>file:/C:/Users/j.blanco/Documents/DAM/Programacion/3%20EVA/RepitiendoProgramacion/Practica_Ev3/src/Alguacil.java</file>
            <file>file:/C:/Users/j.blanco/Documents/DAM/Programacion/3%20EVA/RepitiendoProgramacion/Practica_Ev3/src/Sujeto.java</file>
            <file>file:/C:/Users/j.blanco/Documents/DAM/Programacion/3%20EVA/RepitiendoProgramacion/Practica_Ev3/src/Agricultor.java</file>
            <file>file:/C:/Users/j.blanco/Documents/DAM/Programacion/3%20EVA/RepitiendoProgramacion/Practica_Ev3/src/Alcalde.java</file>
            <file>file:/C:/Users/j.blanco/Documents/DAM/Programacion/3%20EVA/RepitiendoProgramacion/Practica_Ev3/src/Dinero.java</file>
        </group>
    </open-files>
</project-private>
